Mary Elizabeth Winstead,John Goodman,John Gallagher,,
James Badge Dale,John Krasinski,Toby Stephens,Pablo Schreiber,Max Martini
Mark Wahlberg,Denzel Washington,Paula Patton,Bill Paxton,Edward James Olmos
Jonah Hill,Channing Tatum,Ice Cube,Brie Larson,Rob Riggle
Channing Tatum,Jonah Hill,Ice Cube,,
Rodrigo Santoro,Eva Green,Sullivan Stapleton,Hans Matheson,Lena Headey
Harrison Ford,Chadwick Boseman,Christopher Meloni,Ryan Merriman,Andre Holland
Jack O'Connell,Richard Dormer,Sean Harris,Sam Reid,
Hayden Christensen,Kate Bosworth,Dwight Yoakam,Michael W. Smith,
Bruce Willis,Jai Courtney,Sebastian Koch,Yuliya Snigir,Radivoje Bukvi?
Marlon Wayans,Nick Swardson,David Koechner,Essence Atkins,Cedric the Entertainer
Marlon Wayans,Jaime Pressly,Essence Atkins,Cedric the Entertainer,Gabriel Iglesias
Toni Collette,Pierce Brosnan,Aaron Paul,Imogen Poots,
Oscar Isaac,Jessica Chastain,Alessandro Nivola,David Oyelowo,Albert Brooks
Philip Seymour Hoffman,Rachel McAdams,Robin Wright,Willem Dafoe,Grigoriy Dobrygin
Eddie Murphy,Kerry Washington,Cliff Curtis,Clark Duke,Allison Janney
Liam Neeson,Dan Stevens,Ruth Wilson,Boyd Holbrook,
Robert Redford,Nick Nolte,Emma Thompson,,
Benjamin Walker,Dominic Cooper,Anthony Mackie,Mary Elizabeth Winstead,Rufus Sewell
Jaden Smith,Will Smith,Isabelle Fuhrman,Zoe Kravitz,
Casey Affleck,Rooney Mara,Ben Foster,Rami Malek,Keith Carradine
Tyler Perry,Matthew Fox,Rachel Nichols,Edward Burns,Jean Reno
Bradley Cooper,Emma Stone,Alec Baldwin,Rachel McAdams,Bill Murray
Jason Lee,Tony Hale,Kimberly Williams-Paisley,Josh Green,Bella Thorne
Alyson Hannigan,Seann William Scott,Tara Reid,Jason Biggs,Eugene Levy
Bradley Cooper,Sienna Miller,Max Charles,Luke Grimes,
Jesse Eisenberg,Kristen Stewart,Connie Britton,Topher Grace,John Leguizamo
Amy Winehouse,Mitchell Winehouse,Janis Winehouse,Raye Cosbert,Nick Shymansky
Annabelle Wallis,Alfre Woodard,Eric Ladin,Brian Howe,
Quvenzhan? Wallis,Jamie Foxx,Cameron Diaz,Rose Byrne,Bobby Cannavale
Paul Rudd,Evangeline Lilly,Corey Stoll,Bobby Cannavale,Michael Pe?a
Ben Affleck,John Goodman,Alan Arkin,Bryan Cranston,Victor Garber
Drew Dowdle (screenplay)Perdita Weeks,Ben Feldman,Edwin Hodge,Fran?ois Civil,Marion Lambert
Mila Kunis,Christina Applegate,Kristen Bell,Jada Pinkett Smith,Kathryn Hahn
Ice Cube,Cedric the Entertainer,Nicki Minaj,Regina Hall,Eve
Ben Affleck,Henry Cavill,Amy Adams,Jesse Eisenberg,Diane Lane
Kevin Conroy,Mark Hamill,Tara Strong,Ray Wise,
Josh Holloway,Laz Alonso,Josh Peck,Caity Lotz,Chris Brown
Alexander Skarsg?rd,Taylor Kitsch,Brooklyn Decker,Rihanna,Liam Neeson
Quvenzhan? Wallis,Dwight Henry,,,
Viola Davis,Alice Englert,Emma Thompson,Emmy Rossum,Jeremy Irons
Nicole Kidman,Mark Strong,Colin Firth,Anne-Marie Duff,
Jack Huston,Morgan Freeman,Toby Kebbell,Rodrigo Santoro,Nazanin Boniadi
Gugu Mbatha-Raw,Nate Parker,Minnie Driver,Danny Glover,
Amy Adams,Christoph Waltz,Krysten Ritter,Danny Huston,Terence Stamp
Johnny Depp,Joel Edgerton,Benedict Cumberbatch,Sienna Miller,Dakota Johnson
Chris Hemsworth,Viola Davis,John Ortiz,Yorick van Wageningen,Tang Wei
Adam Sandler,Drew Barrymore,Bella Thorne,Emma Fuhrmann,Terry Crews
Alec Baldwin,Cate Blanchett,Bobby Cannavale,Louis C.K.,Andrew Dice Clay
Ethan Hawke,Patricia Arquette,Ellar Coltrane,,
Paul Walker,David Belle,RZA,,
Tom Hanks,Mark Rylance,Amy Ryan,Alan Alda,Austin Stowell
Saoirse Ronan,Emory Cohen,Domhnall Gleeson,Jim Broadbent,Julie Walters
Sylvester Stallone,Sung Kang,Sarah Shahi,Adewale Akinnuoye-Agbaje,Religious Slater
Bradley Cooper,Jamie Dornan,Emma Thompson,Sienna Miller,Daniel Br?hl
Angelina Jolie,Brad Pitt,M?lanie Laurent,Niels Arestrup,Melvil Poupaud
Chris Evans,Scarlett Johansson,Sebastian Stan,Anthony Mackie,Cobie Smulders
David Oyelowo,Kate Mara,Michael K. Williams,Leonor Varela,Jessica Oyelowo
Cate Blanchett,Rooney Mara,Sarah Paulson,Kyle Chandler,Jake Lacy
Dwayne Johnson,Kevin Hart,Amy Ryan,Aaron Paul,
Michael Pe?a,America Ferrera,Rosario Dawson,John Malkovich,
Sharlto Copley,Ninja,Yolandi Visser,Dev Patel,Hugh Jackman
Gerard Butler,Jonny Weston,Elisabeth Shue,Abigail Spencer,
Jon Favreau,Sof?a Vergara,Scarlett Johansson,John Leguizamo,Robert Downey
Jonathan Sadowski,Devin Kelley,Jesse McCartney,Olivia Taylor Dudley,Nathan Phillips
Tom Hardy,Gary Oldman,Joel Kinnaman,Noomi Rapace,Jason Clarke
Dane DeHaan,Michael B. Jordan,Alex Russell,Michael Kelly,
Tom Hanks,Jim Sturgess,David Gyasi,Jim Broadbent,Ben Whishaw
Anna Faris,Bill Hader,Andy Samberg,Kristen Schaal,James Caan
Will Smith,Alec Baldwin,Gugu Mbatha-Raw,Albert Brooks,Paul Reiser
Michael B. Jordan,Sylvester Stallone,Tessa Thompson,Graham McTavish,Tony Bellew
Kevin Costner,Gary Oldman,Tommy Lee Jones,Alice Eve,Gal Gadot
Mia Wasikowska,Tom Hiddleston,Charlie Hunnam,Jessica Chastain,Jim Beaver
Will Ferrell,Mark Wahlberg,Linda Cardellini,,
Al Pacino,Annette Bening,Jennifer Garner,Bobby Cannavale,Christopher Plummer
Johnny Depp,Michelle Pfeiffer,Helena Bonham Carter,Eva Green,Jackie Earle Haley
Keri Russell,Josh Hamilton,Dakota Goyo,,
Andy Serkis,Gary Oldman,Jason Clarke,Kodi Smit-McPhee,Keri Russell
Colin Farrell,Noomi Rapace,Dominic Cooper,Terrence Howard,Wade Barrett
Ryan Reynolds,Gina Carano,T. J. Miller,Ed Skrein,Morena Baccarin
Val?rie Donzelli (director),,,,
Eric Bana,?dgar Ram?rez,Olivia Munn,Joel McHale,
Steve Carell,Kristen Wiig,Miranda Cosgrove,Dana Gaier,Elsie Fisher
Allison Miller,Zach Gilford,Sam Anderson,Aimee Carrero,Vanessa Ray
Zachary Gordon,Robert Capron,Rachael Harris,Devon Bostick,Steve Zahn
Shailene Woodley,Kate Winslet,Theo James,Ansel Elgort,Zo? Kravitz
Christoph Waltz,Jamie Foxx,Leonardo DiCaprio,Samuel L. Jackson,Bruce Dern
Winter,Hope,Nathan Gamble,Harry Connick,Jr.
Dylan Minnette,Stephen Lang,Daniel Zovatto,,
Danny DeVito,Zac Efron,Taylor Swift,Ed Helms,Rob Riggle
Luke Evans,Sarah Gadon,William Houston,Dominic Cooper,Samantha Barks
Kevin Costner,Jennifer Garner,Denis Leary,Frank Langella,Tom Welling
Jackie Chan,Choi Siwon,John Cusack,Adrien Brody,James Lee Guy
Jim Carrey,Jeff Daniels,Kathleen Turner,Laurie Holden,
Astro,Teo Halm,Reese Hartwig,Ella Wahlestedt,
Taron Egerton,Christopher Walken,Hugh Jackman,,
Tom Cruise,Emily Blunt,,,
Matt Damon,Jodie Foster,Sharlto Copley,Wagner Moura,Alice Braga
Jan Bijvoet,Nilbio Torres,Antonio Bol?var,,
Jake Gyllenhaal,Michael Pe?a,Anna Kendrick,Frank Grillo,America Ferrera
James Gandolfini,Julia Louis-Dreyfus,Toni Collette,Catherine Keener,Ben Falcone
Adrian Grenier,Kevin Connolly,Kevin Dillon,Jerry Ferrara,Jeremy Piven
Colin Farrell,Josh Hutcherson,Amanda Seyfried,Jason Sudeikis,Christoph Waltz
Brendan Fraser,Rob Corddry,Jessica Alba,William Shatner,Sarah Jessica Parker
Jane Levy,Shiloh Fernandez,Lou Taylor Pucci,Jessica Lucas,Elizabeth Blackmore
Domhnall Gleeson,Oscar Isaac,Alicia Vikander,,
Helen Mirren,Aaron Paul,Alan Rickman,Barkhad Abdi,
Miles Teller,Michael B. Jordan,Kate Mara,Jamie Bell,Toby Kebbell
Vin Diesel,Dwayne Johnson,Paul Walker,Michelle Rodriguez,Jordana Brewster
Denzel Washington,Brian Geraghty,Nadine Velazquez,Bruce Greenwood,John Goodman
Meryl Streep,Hugh Grant,Simon Helberg,Nina Arianda,Rebecca Ferguson
Greta Gerwig,Charlotte d'Amboise,Adam Driver,Grace Gummer,Patrick Heusinger
Matthew McConaughey,Gugu Mbatha-Raw,Keri Russell,Mahershala Ali,
Adam Scott,Jennifer Westfeldt,Jon Hamm,Kristen Wiig,Maya Rudolph
Victoria Justice,Jane Levy,Thomas McDonell,Thomas Mann,Chelsea Handler
Brad Pitt,Shia LaBeouf,Logan Lerman,Michael Pe?a,Jon Bernthal
Channing Tatum,Ray Park,Dwayne Johnson,Bruce Willis,Elodie Yung
Ryan Gosling,Emma Stone,Sean Penn,Josh Brolin,Robert Patrick
Will Ferrell,Kevin Hart,Alison Brie,Craig T. Nelson,T.I.
Chadwick Boseman,Nelsan Ellis,Brandon Mychal Smith,Jill Scott,Tika Sumpter
Ethan Hawke,Selena Gomez,Jon Voight,James Maslow,
Nicolas Cage,Idris Elba,Fergus Riordan,Ciar?n Hinds,Violante Placido
Melissa McCarthy,Kristen Wiig,Leslie Jones,Kate McKinnon,Chris Hemsworth
Willie Robertson,David A. R. White,Shane Harper,Kevin Sorbo,Korie Robertson
Melissa Joan Hart,David A. R. White,Ray Wise,Robin Givens,Ernie Hudson
Geoffrey Rush,Gerard Butler,Brenton Thwaites,Courtney Eaton,Nikolaj Coster-Waldau
Aaron Taylor-Johnson,Ken Watanabe,Elizabeth Olsen,Bryan Cranston,Juliette Binoche
Ben Affleck,Rosamund Pike,Neil Patrick Harris,Tyler Perry,Kim Dickens
Tyler Perry,Thandie Newton,Rebecca Romijn,Brian J. White,Jamie Kennedy
Jack Black,Dylan Minnette,Odeya Rush,Amy Ryan,Ryan Lee
Adam Sandler,Kevin James,Chris Rock,David Spade,Taylor Lautner
Josh Brolin,George Clooney,Alden Ehrenreich,Ralph Fiennes,Jonah Hill
?dgar Ram?rez,Robert De Niro,Usher,Ellen Barkin,Ana de Armas
Jeremy Renner,Gemma Arterton,Zoe Bell,Famke Janssen,Peter Stormare
Greg Kinnear,Kelly Reilly,Connor Corum,Thomas Haden Church,Jacob Vargas
Kevin James,Salma Hayek,Henry Winkler,Joe Rogan,
Dax Shepard,Kristen Bell,Bradley Cooper,Tom Arnold,Kristin Chenoweth
Rupert Friend,Zachary Quinto,Hannah Ware,Thomas Kretschmann,
Jim Parsons,Rihanna,Jennifer Lopez,Steve Martin,Matt Jones
Meryl Streep,Tommy Lee Jones,Steve Carell,Mimi Rogers,Elisabeth Shue
Jason Bateman,Charlie Day,Jason Sudeikis,Kevin Spacey,Jennifer Aniston
Reese Witherspoon,Sof?a Vergara,Jim Gaffigan,John Carroll Lynch,
Adam Sandler,Selena Gomez,Andy Samberg,Kevin James,Fran Drescher
Adam Sandler,Andy Samberg,Selena Gomez,Kevin James,Steve Buscemi
Jay Baruchel,Gerard Butler,Craig Ferguson,America Ferrera,Jonah Hill
Vikram,Amy Jackson,N. Santhanam,Suresh Gopi,Upen Patel
Elizabeth Olsen,,,,
Ray Romano,John Leguizamo,Denis Leary,Queen Latifah,Jennifer Lopez
Ray Romano,John Leguizamo,Denis Leary,Queen Latifah,Seann William Scott
Jason Bateman,Melissa McCarthy,Amanda Peet,John Cho,Clark Duke
Chlo? Grace Moretz,Mireille Enos,Lauren Lee Smith,Liana Liberato,Jamie Blackley
Chris Hemsworth,Benjamin Walker,Cillian Murphy,Tom Holland,Ben Whishaw
Jeff Goldblum,Bill Pullman,Sela Ward,Liam Hemsworth,Vivica A. Fox
Patrick Wilson,Rose Byrne,Lin Shaye,Ty Simpkins,
Dermot Mulroney,Stefanie Scott,Angus Sampson,Leigh Whannell,Lin Shaye
Matthew McConaughey,Anne Hathaway,Michael Caine,Jessica Chastain,Matt Damon
Richard Armitage,Jeremy Sumpter,Sarah Wayne Callies,Nathan Kress,
Julia Dietze,Peta Sergeant,Gotz Otto,Chris Kirby,Udo Kier
Joaquin Phoenix,Emma Stone,Parker Posey,Jamie Blackley,
Tom Cruise,Rosamund Pike,David Oyelowo,Richard Jenkins,Alexia Fast
David Koepp,Adam Cozad,Anthony Peckham,Steve Zaillian,Chris Pine
Natalie Portman,Joel Edgerton,Ewan McGregor,Rodrigo Santoro,Noah Emmerich
Matt Damon,Julia Stiles,Alicia Vikander,Riz Ahmed,Vincent Cassel
Jason Segel,Ed Helms,Judy Greer,Susan Sarandon,Evan Ross
Aubrey Peeples,Stefanie Scott,Hayley Kiyoko,Aurora Perrineau,Ryan Guzman
John Lloyd Young,Erec Bergen,Vincent Piazza,Michael Lamenda,Christopher Walken
Ashton Kutcher,Dermot Mulroney,Josh Gad,Lukas Haas,J.K. Simmons
Keanu Reeves,Bridget Moynahan,Willem Dafoe,,
Dwayne Johnson,Michael Caine,Josh Hutcherson,Vanessa Hudgens,Luis Guzm?n
Jennifer Lawrence,Robert De Niro,Bradley Cooper,?dgar Ram?rez,
Keegan-Michael Key,Jordan Peele,Method Man,Gabrielle Union,Will Forte
Jeremy Renner,Barry Pepper,Mary Elizabeth Winstead,Rosemarie DeWitt,Ray Liotta
Brad Pitt,Vincent Curatola,Scoot McNairy,Ben Mendelsohn,Ray Liotta
Colin Firth,Taron Egerton,Samuel L. Jackson,Mark Strong,Michael Caine
Emjay Anthony,Allison Tolman,Adam Scott,,
Art Parkinson,Matthew McConaughey,Rooney Mara,Charlize Theron,Ralph Fiennes
Jack Black,Angelina Jolie,Dustin Hoffman,Jackie Chan,Seth Rogen
Burnie Burns,Gavin Free,Michael Jones,Colton Dunn,Allie DeBerry
Nicolas Cage,Chad Michael Murray,Cassi Thomson,Nicky Whelan,Jordin Sparks
Hugh Jackman,Russell Crowe,Eddie Redmayne,Colm Wilkinson,Anne Hathaway
Jake Johnson,Damon Wayans,Jr.,,
Suraj Sharma,Ayush Tandon,Irrfan Khan,G?rard Depardieu,
Teresa Palmer,Gabriel Bateman,Alexander DiPersia,,
Daniel Day-Lewis,David Strathairn,Hal Holbrook,Sally Field,Joseph Gordon-Levitt
Jakob Salvati,David Henrie,Kevin James,Emily Watson,Ted Levine
Guy Pearce,Maggie Grace,Peter Stormare,Lennie James,Vincent Regan
Gerard Butler,Aaron Eckhart,Morgan Freeman,Angela Bassett,Alon Aboutboul
Joseph Gordon-Levitt,Bruce Willis,Emily Blunt,Paul Dano,Noah Segan
John Goodman,Diane Keaton,Amanda Seyfried,Alan Arkin,Olivia Wilde
Scarlett Johansson,Morgan Freeman,Choi Min-sik,,
Tom Hardy,Charlize Theron,Hugh Keays-Byrne,Nicholas Hoult,Rosie Huntington-Whiteley
Noah Baumbach(screenplay); Ben Stiller,Chris Rock,David Schwimmer,Jada Pinkett Smith,Sacha Baron Cohen
Emma Stone,Colin Firth,Hamish Linklater,Marcia Gay Harden,Jacki Weaver
Jessica Chastain,Nikolaj Coster-Waldau,Daniel Kash,David Fox,
Henry Cavill,Amy Adams,Michael Shannon,Kevin Costner,Diane Lane
Sam Worthington,Ed Harris,Elizabeth Banks,Jamie Bell,Kyra Sedgwick
Josh Wiggins,Thomas Haden Church,Lauren Graham,,
Dylan O'Brien,Ki Hong Lee,Thomas Sangster,Kaya Scodelario,Patricia Clarkson
Thomas Mann,Olivia Cooke,Ronald Cyler II,Jon Bernthal,Nick Offerman
Emilia Clarke,Sam Claflin,Charles Dance,Jenna Coleman,Janet McTeer
Jason Statham,Jessica Alba,Tommy Lee Jones,Michelle Yeoh,
Will Smith,Tommy Lee Jones,Josh Brolin,Jemaine Clement,Emma Thompson
Michael Shannon,Kirsten Dunst,Adam Driver,Joel Edgerton,Sam Shepard
Jennifer Garner,Martin Henderson,Queen Latifah,,
Lily Collins,Julia Roberts,Armie Hammer,Nathan Lane,Robert Emms
Tom Cruise,Jeremy Renner,Simon Pegg,Ving Rhames,Rebecca Ferguson
Sarah Drew,Trace Adkins,Sean Astin,Patricia Heaton,
George Clooney,Julia Roberts,Jack O'Connell,Dominic West,Caitriona Balfe
Bai Baihe,Jing Boran,Jiang Wu,Elaine Jin,
Jared Gilman,Kara Hayward,Bruce Willis,Edward Norton,Bill Murray
Johnny Depp,Ewan McGregor,Olivia Munn,Aubrey Plaza,Oliver Platt
Jennifer Aniston,Julia Roberts,Kate Hudson,Timothy Olyphant,Jason Sudeikis
Ty Burrell,Max Charles,Stephen Colbert,Allison Janney,Ariel Winter
Matthew McConaughey,Reese Witherspoon,Michael Shannon,Sarah Paulson,Sam Shepard
G?ne? ?ensoy,,,,
Aaron Eckhart,Finn Wittrock,Robin Tunney,Sarah Bolger,Michael Reilly Burke
Nia Vardalos,John Corbett,Ian Gomez,Elena Kampouris,
Aaron Paul,Imogen Poots,Dominic Cooper,Michael Keaton,Ram?n Rodr?guez
Seth Rogen,Zac Efron,Rose Byrne,Christopher Mintz-Plasse,Dave Franco
Seth Rogen,Zac Efron,Rose Byrne,Chlo? Grace Moretz,Dave Franco
Dave Franco,Emma Roberts,Emily Meade,Kimiko Glenn,Juliette Lewis
Ben Stiller,Robin Williams,Dan Stevens,Owen Wilson,Ricky Gervais
Jake Gyllenhaal,Bill Paxton,Rene Russo,Riz Ahmed,
Kevin Spacey,Robbie Amell,Jennifer Garner,Christopher Walken,Malina Weissman
Owen Wilson,Pierce Brosnan,Lake Bell,,
Idris Elba,Taraji P. Henson,Henry Simmons,,
Luke Evans,Adelaide Clemens,America Olivo,Derek Magyar,Lindsey Shaw
Russell Crowe,Jennifer Connelly,Logan Lerman,Emma Watson,Ray Winstone
Liam Neeson,Julianne Moore,Lupita Nyong'o,Nate Parker,Michelle Dockery
Jesse Eisenberg,Isla Fisher,Morgan Freeman,Woody Harrelson,Mark Ruffalo
Mark Ruffalo,Jesse Eisenberg,Woody Harrelson,Dave Franco,Lizzy Caplan
Tom Cruise,Olga Kurylenko,Andrea Riseborough,Morgan Freeman,Nikolaj Coster-Waldau
Gerard Butler,Aaron Eckhart,Morgan Freeman,Rick Yune,Dylan McDermott
Harry Styles,Niall Horan,Louis Tomlinson,Zayn Malik,Liam Payne
Katherine Heigl,Debbie Reynolds,Jason O'Mara,Daniel Sunjata,Sherri Shepherd
Douglas Smith,Olivia Cooke,Vivis Colombetti,Ana Coto,Erin Moriarty
Sandra Bullock,Scoot McNairy,Billy Bob Thornton,Anthony Mackie,Ann Dowd
Charlie Hunnam,Ellen McLain,Idris Elba,Charlie Day,Rinko Kikuchi
Mark Wahlberg,Dwayne Johnson,Ed Harris,Ken Jeong,Anthony Mackie
Hugh Jackman,Garrett Hedlund,Rooney Mara,Amanda Seyfried,Levi Miller
Nat Wolff,Cara Delevingne,,,
Kathryn Newton,Katie Featherston,,,
Katie Featherston,Tyler Craig,,,
Kodi Smit-McPhee,Tucker Albrizzi,Anna Kendrick,Casey Affleck,Christopher Mintz-Plasse
Billy Crystal,Bette Midler,Marisa Tomei,Tom Everett Scott,Bailee Madison
Jason Statham,Jennifer Lopez,Bobby Cannavale,Clifton Collins,Jr.
Kevin James,Raini Rodriguez,Neal McDonough,Molly Shannon,Daniella Alonso
Tobey Maguire,Liev Schreiber,Peter Sarsgaard,Michael Stuhlbarg,Lily Rabe
Tom McGrath,Chris Miller,Conrad Vernon,Christopher Knights,Benedict Cumberbatch
Chris Pine,Elizabeth Banks,Michelle Pfeiffer,Olivia Wilde,Mark Duplass
Logan Lerman,Alexandra Daddario,Douglas Smith,Mary Birdsong,Yvette Nicole Brown
Anna Kendrick,Anna Camp,Rebel Wilson,Adam DeVine,Alexis Knapp
Anna Kendrick,Rebel Wilson,Hailee Steinfeld,Brittany Snow,Skylar Astin
Adam Sandler,Kevin James,Josh Gad,Peter Dinklage,Michelle Monaghan
Edgar Ramirez,Luke Bracey,Ray Winstone,Teresa Palmer,
Shaheizy Sam,Zizan Razak,Nora Danish,Mimie Ernida,Wan Hanafi Su
Sam Rockwell,Jared Harris,Rosemarie DeWitt,Saxon Sharbino,Kyle Catlett
Kit Harington,Emily Browning,Jared Harris,Kiefer Sutherland,Carrie-Anne Moss
Jorma Taccone,Akiva Schaffer,Andy Samberg (screenplay),,
Joseph Gordon-Levitt,Michael Shannon,Dania Ramirez,Wole Parks,Jamie Chung
Lily James,Sam Riley,Matt Smith,Lena Headey,Charles Dance
Jake Gyllenhaal,Hugh Jackman,Paul Dano,Melissa Leo,Viola Davis
Jonny Weston,Sofia Black-D'Elia,,,
Miles Teller,Oliver Cooper,Jonathan Daniel Brown,Kirby Bliss Blanton,Thomas Mann
Noomi Rapace,Michael Fassbender,Charlize Theron,Idris Elba,Guy Pearce
Matt Damon,John Krasinski,Rosemarie DeWitt,Frances McDormand,
Ryan Reynolds,Jeff Bridges,Kevin Bacon,Stephanie Szostak,Mary-Louise Parker
Stephan James,Jason Sudeikis,Jeremy Irons,William Hurt,Carice van Houten
Harrison Ford,John Rhys-Davies,Karen Allen,Paul Freeman,Alfred Molina
Sigur?ur Sigurj?nsson,,,,
Paul Giamatti,John Goodman,Bella Thorne,Rosario Dawson,James Arnold Taylor
Bruce Willis,John Malkovich,Helen Mirren,Mary-Louise Parker,Catherine Zeta-Jones
Will Yun Lee,Chris Hemsworth,Josh Peck,Adrianne Palicki,Josh Hutcherson
Cuba Gooding Jr.,Nate Parker,David Oyelowo,Daniela Ruah,Terrence Howard
Milla Jovovich,Sienna Guillory,Colin Salmon,Boris Kodjoe,Michelle Rodriguez
Meryl Streep,Kevin Kline,Mamie Gummer,Audra McDonald,Sebastian Stan
Vin Diesel,Karl Urban,Katee Sackhoff,Dave Bautista,Matthew Nable
Ice Cube,Kevin Hart,John Leguizamo,Bruce McGill,Tika Sumpter
Ice Cube,Kevin Hart,Benjamin Bratt,Olivia Munn,Ken Jeong
Jesse Eisenberg,Anne Hathaway,Leslie Mann,Bruno Mars,Jemaine Clement
Chris Pine,Alec Baldwin,Hugh Jackman,Isla Fisher,Jude Law
Joseph Fiennes,Tom Felton,Cliff Curtis,,
Joel Kinnaman,Gary Oldman,Michael Keaton,Samuel L. Jackson,Jackie Earle Haley
Frank Langella,Susan Sarandon,James Marsden,Liv Tyler,Peter Sarsgaard
Julianne Hough,Diego Boneta,Tom Cruise,Alec Baldwin,Russell Brand
Bill Murray,Bruce Willis,Kate Hudson,Scott Caan,Zooey Deschanel
Hailee Steinfeld,Douglas Booth,Damian Lewis,Natascha McElhone,Lesley Manville
Brie Larson,Joan Allen,William H. Macy,Sean Bridgers,Jacob Tremblay
Liam Neeson,Joel Kinnaman,Ed Harris,,
Ben Affleck,Justin Timberlake,Gemma Arterton,Anthony Mackie,
Chris Hemsworth,Daniel Bruhl,Olivia Wilde,Alexandra Maria Lara,
Arnold Schwarzenegger,Mireille Enos,Sam Worthington,Joe Manganiello,Olivia Williams
Denzel Washington,Ryan Reynolds,Sam Shepard,Robert Patrick,Liam Cunningham
Ewan McGregor,Emily Blunt,Kristin Scott Thomas,Amr Waked,
Taylor Kitsch,Blake Lively,Aaron Johnson,John Travolta,Benicio del Toro
Ashley Tisdale,Simon Rex,Lindsay Lohan,Charlie Sheen,Terry Crews
Julia Roberts,Nicole Kidman,Chiwetel Ejiofor,Dean Norris,
Ryan Reynolds,Ben Kingsley,Natalie Martinez,Victor Garber,Matthew Goode
David Oyelowo,Tom Wilkinson,Common,Carmen Ejogo,
Sergei Bodrov (director) Ben Barnes,Jeff Bridges,Julianne Moore,Alicia Vikander,Kit Harington
Justin Fletcher,John Sparkes,,,
Emily Blunt,Benicio del Toro,Josh Brolin,Jon Bernthal,
Rooney Mara,Jude Law,Channing Tatum,Catherine Zeta-Jones,Vinessa Shaw
Adelaide Clemens,Sean Bean,Radha Mitchell,Kit Harington,Carrie-Anne Moss
Bradley Cooper,Jennifer Lawrence,Brea Bee,Robert De Niro,Jacki Weaver
Jessica Alba,Powers Boothe,Josh Brolin,Rosario Dawson,Joseph Gordon-Levitt
Ethan Hawke,Juliet Rylance,Fred Thompson,Vincent D'Onofrio,
James Ransone,Shannyn Sossamon,,,
Amy Poehler,Tina Fey,John Cena,Maya Rudolph,
Dwayne Johnson,Susan Sarandon,Benjamin Bratt,Barry Pepper,
Charlize Theron,Kristen Stewart,Chris Hemsworth,Sam Spruell,Ian McShane
Diogo Morgado,Roma Downey,Darwin Shaw,,
G?za R?hrig,,,,
Jake Gyllenhaal,Rachel McAdams,Naomie Harris,Forest Whitaker,Victor Ortiz
Mark Ruffalo,Michael Keaton,Rachel McAdams,Liev Schreiber,John Slattery
Melissa McCarthy,Jason Statham,Rose Byrne,Miranda Hart,Bobby Cannavale
Bill Murray,Melissa McCarthy,Naomi Watts,Chris O'Dowd,Kimberly Quinn
Wasabi Mizuta,Megumi Ohara,Yumi Kakazu,Tomokazu Seki,Subaru Kimura
Chris Pine,Zachary Quinto,Zoe Saldana,Karl Urban,John Cho
Ryan Guzman,Briana Evigan,Alyson Stoner,Adam Sevani,Mari Koda
Michael Fassbender,Seth Rogen,Kate Winslet,Jeff Daniels,Katherine Waterston
O'Shea Jackson,Jr.,Corey Hawkins,Jason Mitchell,Aldis Hodge
Carey Mulligan,Helena Bonham Carter,Meryl Streep,Ben Whishaw,Brendan Gleeson
Will Smith,Jared Leto,Margot Robbie,Joel Kinnaman,Viola Davis
Liam Neeson,Famke Janssen,Maggie Grace,Rade Sherbedgia,Luke Grimes
Melissa McCarthy,Susan Sarandon,Allison Janney,Toni Collette,Sandra Oh
Mark Wahlberg,Mila Kunis,Seth MacFarlane,Giovanni Ribisi,Joel McHale
Alec Sulkin,Wellesley Wild(screenplay) Mark Wahlberg,Seth MacFarlane,Amanda Seyfried,Giovanni Ribisi
Megan Fox,Johnny Knoxville,Alan Ritchson,Noel Fisher,Jeremy Howard
Megan Fox,Stephen Amell,Will Arnett,Laura Linney,Brian Tee
Arnold Schwarzenegger,J. K. Simmons,Emilia Clarke,Jason Clarke,Jai Courtney
Alexandra Daddario,Dan Yeager,Trey Songz,Scott Eastwood,Tania Raymonde
Zac Efron,Michael B. Jordan,Miles Teller,Imogen Poots,Jessica Lucas
Antonio Banderas,Rodrigo Santoro,Juliette Binoche,James Brolin,Lou Diamond Phillips
Chlo? Grace Moretz,Nick Robinson,Alex Roe,Liev Schreiber,Maika Monroe
Blake Lively,Michiel Huisman,Harrison Ford,Ellen Burstyn,Amanda Crew
Andrew Garfield,Emma Stone,Max Charles,Martin Sheen,Sally Field
Jason Sudeikis,Josh Gad,Danny McBride,Bill Hader,Maya Rudolph
Judi Dench,Bill Nighy,Dev Patel,Tom Wilkinson,Maggie Smith
Religious Bale,Steve Carell,Ryan Gosling,Brad Pitt,Melissa Leo
Emma Watson,Israel Broussard,Katie Chang,Claire Julien,Taissa Farmiga
Christina Applegate,Diego Luna,Zoe Saldana,Channing Tatum,
Melissa McCarthy,Kristen Bell,Peter Dinklage,Tyler Labine,Kristen Schaal
Jeremy Renner,Rachel Weisz,Edward Norton,Oscar Isaac,Joan Allen
Ben Kingsley,Toni Collette,Elle Fanning,Isaac Hempstead-Wright,Jared Harris
Lauren Cohan,Rupert Evans,Jim Norton,Diana Hardcastle,
Forest Whitaker,Oprah Winfrey,David Oyelowo,Liam Neeson,John Cusack
Richard Jenkins,Bradley Whitford,Jesse Williams,Chris Hemsworth,Kristen Connolly
Abigail Breslin,Halle Berry,Morris Chestnut,Michael Eklund,Michael Imperioli
Will Ferrell,Zach Galifianakis,Jason Sudeikis,Katherine LaNasa,Dylan McDermott
Henry Cavill,Bruce Willis,Sigourney Weaver,Veronica Echegui,Roschoy Zem
Josh Stewart,Emma Fitzpatrick,,,
Patrick Wilson,Vera Farmiga,Ron Livingston,Lili Taylor,Shannon Kook
Patrick Wilson,Vera Farmiga,,,
Nicolas Cage,Ryan Reynolds,Emma Stone,Catherine Keener,Clark Duke
Eddie Redmayne,Alicia Vikander,Matthias Schoenaerts,Ben Whishaw,
Kevin Bacon,Radha Mitchell,David Mazouz,Lucy Fry,Matt Walsh
Suzan Crowley,Fernanda Andrade,Simon Quarterman,Evan Helmuth,
Sacha Baron Cohen,Ben Kingsley,Anna Faris,Megan Fox,John C. Reilly
Shailene Woodley,Theo James,Naomi Watts,Jeff Daniels,Ansel Elgort
Shailene Woodley,Kate Winslet,Theo James,Ansel Elgort,Naomi Watts
Tom Hardy,Noomi Rapace,James Gandolfini,Matthias Schoenaerts,John Ortiz
Mae Whitman,Robbie Amell,Bella Thorne,Bianca A. Santos,Allison Janney
Brit Marling,Alexander Skarsgard,Ellen Page,Julia Ormond,Patricia Clarkson
Denzel Washington,Chlo? Grace Moretz,Marton Csokas,David Harbour,Bill Pullman
Sylvester Stallone,Jason Statham,Dolph Lundgren,Terry Crews,Randy Couture
Sylvester Stallone,Arnold Schwarzenegger,Harrison Ford,Mel Gibson,Jason Statham
Robert De Niro,Michelle Pfeiffer,Dianna Agron,Tommy Lee Jones,Vincent Pastore
Shailene Woodley,Ansel Elgort,,,
Jason Segel,Emily Blunt,Chris Pratt,Alison Brie,Rhys Ifans
Natalie Dormer,Taylor Kinney,,,
Jason Bateman,Rebecca Hall,Joel Edgerton,,
Jeff Bridges,Brenton Thwaites,Meryl Streep,Alexander Skarsg?rd,Katie Holmes
Ralph Fiennes,Tony Revolori,F. Murray Abraham,Mathieu Amalric,Adrien Brody
Leonardo DiCaprio,Tobey Maguire,Joel Edgerton,Carey Mulligan,Isla Fisher
Liam Neeson,Frank Grillo,Dermot Mulroney,Dallas Roberts,
Sean Penn,Javier Bardem,Ray Winstone,Idris Elba,Mark Rylance
Bradley Cooper,Zach Galifianakis,Ed Helms,Justin Bartha,Ken Jeong
Samuel L. Jackson,Kurt Russell,Jennifer Jason Leigh,Walton Goggins,Tim Roth
Sandra Bullock,Melissa McCarthy,Kaitlin Olson,Tony Hale,Demian Bichir
Ian McKellen,Martin Freeman,Richard Armitage,Evangeline Lilly,Luke Evans
Saoirse Ronan,Max Irons,Jake Abel,Diane Kruger,William Hurt
Helen Mirren,Manish Dayal,,,
Jennifer Lawrence,Josh Hutcherson,Liam Hemsworth,Wes Bentley,Elizabeth Banks
Jennifer Lawrence,Josh Hutcherson,Woody Harrelson,Julianne Moore,Donald Sutherland
Jennifer Lawrence,Josh Hutcherson,Liam Hemsworth,Woody Harrelson,Elizabeth Banks
Chris Hemsworth,Charlize Theron,Emily Blunt,Jessica Chastain,Nick Frost
Morgan Land (screenplay),Michael Shannon,Winona Ryder,Chris Evans,Ray Liotta
Ray Liotta,Ashley Judd,Seth Green,Brian Geraghty,Joe Pantoliano
Benedict Cumberbatch,Keira Knightley,Matthew Goode,Rory Kinnear,Allen Leech
Naomi Watts,Ewan McGregor,,,
Steve Carell,Jim Carrey,Steve Buscemi,Olivia Wilde,James Gandolfini
Bryan Cranston,Diane Kruger,Benjamin Bratt,John Leguizamo,Amy Ryan
Robert De Niro,Anne Hathaway,Rene Russo,Adam DeVine,Anders Holm
Vince Vaughn,Owen Wilson,Dylan O'Brien,Rose Byrne,Jessica Szohr
Seth Rogen,James Franco,Lizzy Caplan,,
Robert Downey,Jr.,Robert Duvall,Vera Farmiga,Billy Bob Thornton
Maggie Smith,Alex Jennings,Jim Broadbent,Frances de la Tour,Roger Allam
Ashley Bell,Spencer Treat Clark,Muse Watson,Louis Herthum,Judd Lormand
Arnold Schwarzenegger,Forest Whitaker,Peter Stormare,Jaimie Alexander,Rodrigo Santoro
Vin Diesel,Michael Caine,Rose Leslie,Elijah Wood,
Olivia Wilde,Mark Duplass,Donald Glover,,
Kellan Lutz,Gaia Weiss,Scott Adkins,Roxanne McKee,Liam Garrigan
Alexander Skarsgard,Margot Robbie,Christoph Waltz,Samuel L. Jackson,Djimon Hounsou
Chris Pratt,Will Ferrell,Elizabeth Banks,Will Arnett,Nick Offerman
Juliet Stevenson,Max von Sydow,Rutger Hauer,Priya Darshini,
Zac Efron,Taylor Schilling,Jay R. Ferguson,Riley Thomas Stewart,Adam Lefevre
Henry Cavill,Armie Hammer,Elizabeth Debicki,Alicia Vikander,Hugh Grant
Russell Crowe,Lucy Liu,David Bautista,RZA,Byron Mann
Matt Damon,Jeff Daniels,Kristen Wiig,Sean Bean,Jessica Chastain
Philip Seymour Hoffman,Joaquin Phoenix,Jesse Plemons,David Warshofsky,Amy Adams
Dylan O'Brien,Will Poulter,Thomas Sangster,Aml Ameen,Kaya Scodelario
Deng Chao,Lin Yun,Show Luo,Zhang Yuqi,Kris Wu
George Clooney,Matt Damon,Bill Murray,John Goodman,Jean Dujardin
Lily Collins,Jamie Campbell Bower,Robert Sheehan,Jemima West,Kevin Durand
Joseph Gordon-Levitt,Seth Rogen,Anthony Mackie,,
Pierce Brosnan,Olga Kurylenko,Luke Bracey,Bill Smitrovich,Will Patton
Will Arnett,Katherine Heigl,Liam Neeson,Brendan Fraser,Gabriel Iglesias
Toni Braxton,Cloris Leachman,Christopher Lloyd,Chazz Palminteri,Cary Elwes
Cameron Diaz,Leslie Mann,Kate Upton,Nikolaj Coster-Waldau,Taylor Kinney
Bill Melendez,Noah Schnapp,Hadley Belle Miller,AJ Teece,Noah Johnston
Sanaa Lathan,Michael Ealy,Morris Chestnut,,
Terrence J,Cassie Ventura,Donald Faison,Dascha Polanco,Robert Christopher Riley
Emma Watson,Logan Lerman,Mae Whitman,Nina Dobrev,Johnny Simmons
Hugh Grant,Salma Hayek,Jeremy Piven,Imelda Staunton,David Tennant
Ryan Gosling,Bradley Cooper,Rose Byrne,Eva Mendes,Ray Liotta
Jeffrey Dean Morgan,Kyra Sedgwick,,,
Ethan Hawke,Lena Headey,Max Burkholder,Tony Oller,Edwin Hodge
Frank Grillo,Betty Gabriel,Edwin Hodge,Kyle Secor,Joseph Julian Soria
Iko Uwais,Tio Pakusadewo,Arifin Putra,Julie Estelle,Alex Abbad
Iko Uwais,Doni Alamsyah,Joe Taslim,Yayan Ruhian,Ray Sahetapy
John Cusack,Alice Eve,Luke Evans,Brendan Gleeson,Oliver Jackson-Cohen
Leonardo DiCaprio,Tom Hardy,Domhnall Gleeson,Will Poulter,
Judi Dench,Bill Nighy,Maggie Smith,Richard Gere,Celia Imrie
Regina Cas?,Michel Joelsas,Camila M?rdila,,
Louis C.K.,Eric Stonestreet,Kevin Hart,Albert Brooks,Hannibal Buress
Will Arnett,Amy Poehler,Carol Burnett,Bridgit Mendler,David Henrie
Blake Lively,?scar Jaenada,,,
Brenton Thwaites,Olivia Cooke,Sarah Clarke,Laurence Fishburne,
Tyler Perry,Nia Long,Wendi McLendon-Covey,Zulay Henao,Cocoa Brown
Neil Patrick Harris,Jayma Mays,Hank Azaria,Tim Gunn,Brendan Gleeson
Miles Teller,Shailene Woodley,Kaitlyn Dever,Brie Larson,Dayo Okeniyi
Paul Tibbitt (director),Jonathan Aibel,Glenn Berger(screenplay),Antonio Banderas,Tom Kenny
Bruno Podalyd?s,Sandrine Kiberlain,Agn?s Jaoui,Vimala Pons,
Eddie Redmayne,Felicity Jones,,,
Chris Diamantopoulos,Sean Hayes,Will Sasso,Jane Lynch,Larry David
Ed Skrein,Ray Stevenson,Loan Chabanol,Gabriella Wright,
Kristen Stewart,Robert Pattinson,Michael Sheen,Mackenzie Foy,Billy Burke
Kathleen Robertson,Michael Pe?a,Djimon Hounsou,Dougray Scott,John Patrick Amedori
Kathryn Hahn,Ed Oxenbould,Deanna Dunagan,Peter McRobbie,Olivia DeJonge
Joseph Gordon-Levitt,Ben Kingsley,James Badge Dale,Charlotte Le Bon,
Ben Stiller,Vince Vaughn,Rosemarie DeWitt,Jonah Hill,Richard Ayoade
Cem Y?lmaz,Miyavi,Y?lmaz Erdo?an,,
Steve Carell,Toni Collette,Allison Janney,AnnaSophia Robb,Sam Rockwell
Kevin Hart,Josh Gad,Kaley Cuoco,Olivia Thirlby,Alan Ritchson
Anya Taylor-Joy,Ralph Ineson,Kate Dickie,,
Hugh Jackman,Famke Janssen,Hiroyuki Sanada,Hal Yamanouchi,Tao Okamoto
Daniel Radcliffe,Ciar?n Hinds,Janet McTeer,Liz White,Alisa Khazanova
Phoebe Fox,Jeremy Irvine,Helen McCrory,Adrian Rawlins,Oaklee Pendergast
Simon Pegg,Nick Frost,Paddy Considine,Martin Freeman,Eddie Marsan
Adam Greaves-Neal,Sean Bean,,,
Kevin Hart,Michael Ealy,Taraji P. Henson,Jerry Ferrara,Meagan Good
Seth Rogen,Jay Baruchel,James Franco,Craig Robinson,Danny McBride
Jason Bateman,Tina Fey,Jane Fonda,Timothy Olyphant,Corey Stoll
Tom Hardy,Chris Pine,Reese Witherspoon,Chelsea Handler,Til Schweiger
Chris Rock,Rosario Dawson,Genevieve Angelson,Rachel Feinstein,Dan Naturman
Tom Cruise,Kelly McGillis,Val Kilmer,James Tolkan,Tom Skerritt
Colin Farrell,Jessica Biel,Bryan Cranston,Kate Beckinsale,Bill Nighy
James McAvoy,Vincent Cassel,Rosario Dawson,Tuppence Middleton,Lee Nicholas Harris
Johnny Depp,Paul Bettany,Rebecca Hall,Kate Mara,Morgan Freeman
Kate Winslet,Woody Harrelson,Gal Gadot,Anthony Mackie,Teresa Palmer
Clint Eastwood,Amy Adams,Matthew Lillard,Justin Timberlake,John Goodman
Bryan Cranston,Diane Lane,Helen Mirren,John Goodman,Elle Fanning
Robert Redford,Cate Blanchett,Dennis Quaid,Topher Grace,Elisabeth Moss
Ryan Reynolds,Paul Giamatti,Michael Pe?a,Luis Guzm?n,Bill Hader
Michael Parks,Justin Long,Haley Joel Osment,G?nesis Rodr?guez,Johnny Depp
Jack O'Connell,Miyavi,Domhnall Gleeson,Garrett Hedlund,Jai Courtney
Vince Vaughn,Tom Wilkinson,Dave Franco,Sienna Miller,Nick Frost
Shelley Hennig,Renee Olstead,Jacob Wysocki,Will Peltz,
Ed Helms,Christina Applegate,Leslie Mann,Chris Hemsworth,Charlie Day
Zoey Deutch,Lucy Fry,Danila Kozlovsky,,
Kristen Bell,Jason Dohring,Krysten Ritter,Ryan Hansen,Francis Capra
Daniel Radcliffe,James McAvoy,Jessica Brown Findlay,Andrew Scott,
Paul Rudd,Jennifer Aniston,Malin Akerman,Justin Theroux,Ken Marino
Jonah Hill,Miles Teller,Ana de Armas,J. B. Blanc,
Alex Kendrick,Priscilla Shirer,T.C. Stallings,Beth Moore,Karen Abercrombie
Ben Foster,Travis Fimmel,Paula Patton,Toby Kebbell,Dominic Cooper
Nicholas Hoult,Teresa Palmer,Rob Corddry,John Malkovich,Analeigh Tipton
Julianne Moore,Steve Coogan,Alexander Skarsg?rd,Joanna Vanderham,Onata Aprile
Cameron Diaz,Jennifer Lopez,Brooklyn Decker,Elizabeth Banks,Anna Kendrick
Jim Caviezel,Laura Dern,Michael Chiklis,Alexander Ludwig,
J. K. Simmons,Miles Teller,Paul Reiser,Melissa Benoist,
Tina Fey,Margot Robbie,Martin Freeman,Billy Bob Thornton,Alfred Molina
Channing Tatum,Jamie Foxx,Maggie Gyllenhaal,James Woods,Richard Jenkins
Reese Witherspoon,Gaby Hoffmann,Michiel Huisman,Charles Baker,
Colin Farrell,Russell Crowe,Jessica Brown Findlay,Jennifer Connelly,Will Smith
Zach Braff,Kate Hudson,Jim Parsons,Mandy Patinkin,Ashley Greene
Helen Mirren,Ryan Reynolds,Daniel Br?hl,Katie Holmes,Tatiana Maslany
Viola Davis,Maggie Gyllenhaal,Holly Hunter,Ving Rhames,Rosie Perez
Sean Astin,Nic Bishop,Caleb Castille,Sherri Shepherd,Jon Voight
Brad Pitt,Mireille Enos,James Badge Dale,Daniella Kertesz,Matthew Fox
Sam Worthington,Liam Neeson,Ralph Fiennes,Edgar Ramirez,Rosamund Pike
James McAvoy,Michael Fassbender,Jennifer Lawrence,Oscar Isaac,Nicholas Hoult
Hugh Jackman,James McAvoy,Michael Fassbender,Halle Berry,Jennifer Lawrence
Sharni Vinson,Joe Swanberg,AJ Bowen,Nicholas Tucci,Barbara Crampton
Jessica Chastain,Chris Pratt,Joel Edgerton,Kyle Chandler,Jason Clarke
Li Bingbing,Chen Kun,Yang Zishan,Winston Chao,Bao Bei'er
Ben Stiller,Owen Wilson,Christine Taylor,Will Ferrell,Pen?lope Cruz
